Carnet,Nombre,IngresoFamiliar,FechaNacimiento
201707300,Michele Pennini,5795.23,21/11/1997
201707301,Tony Tombleson,8389.11,16/10/1992
201707302,Filide Bercevelo,6692.61,11/2/1998
201707303,Bryon Vasilchikov,3973.87,17/2/1998
201707304,Terza Ruler,5696.65,25/5/1997
201707305,Derward Orange,3159.52,7/12/1998
201707306,Haven Linkin,3043.51,20/12/1995
201707307,Brandtr Rottger,6628.27,13/7/1997
201707308,Daryl Berthome,4498.33,16/6/1991
201707309,Adria Losebie,3903.84,7/3/1995
201707310,Augusta McGaughay,4069.34,3/7/1991
201707311,Renelle Mansbridge,5061.49,9/1/1999
201707312,Sunny Shout,7198.69,6/4/2000
201707313,Cammy Fenner,3450.58,21/12/1999
201707314,Sibilla Neill,2988.1,29/3/2000
201707315,Bernadene Merrick,3997.19,22/8/1995
201807316,Isaac Xicol,3695.42,6/1/1999
201806840,Byron Hernandez,6514.56,17/10/1994
201807159,David Zea,8103.45,19/1/1991
201800937,Abraham Solorzano,7670.06,16/4/1999
201607320,Stirling Stringer,4819.97,28/9/1996
201607321,Anson Jakel,5559.87,21/5/1996
201607322,Hilary Raddon,5814.46,18/3/1995
201607323,Hugues Sacase,6279.17,18/9/1993
201607324,Dot Persence,4432.85,11/9/1991
201607325,Gwennie Mallender,3189.33,27/1/1995
201607326,Moreen Gresley,6494.51,30/7/1996
201507327,Sven Van der Daal,7872.23,30/5/1996
201507328,Paola Brockie,4927.78,4/8/1996
201507329,Wilmar Sheara,6515.62,30/3/1998
201507330,Lula Hanburry,3390.96,16/10/1999
201507331,Bevon Bottrell,7067.09,30/9/1994
201507332,Chlo Nisbet,3402.69,6/8/1999
201507333,Marjy Duckett,3503.67,7/4/1996
201507334,Steve Wheeler,4325.19,25/7/1995
201507335,Gottfried Cawcutt,6344.53,25/3/1995
201507336,Querida Full,8163.63,6/3/1992
201507337,Hedi Glyde,3340.65,17/5/1999
201507338,Rory Johnson,5071.98,4/4/1993
201507339,Garrick Churchley,6125.63,10/5/1992
